"";"Start";"End";"Summary";"Description";"Year";"Month";"Hours";"Pedagogical.Activity"
"1";2019-06-12 16:00:00;2019-06-12 18:00:00;"gp 2ai actibac";"bonjour, nous aurions aimé réserver une place au lf2l pour nos rendez-vous avec m.bachmann dans le cadre de notre projet. 
nous aurions besoin d'un espace le 

1er mars de 10 à 12h, 
le 22 mars 10h à 12h, 
le 5 avril 10h à 12h, 
le 24h avril à 15h à 17h, 
le 24 mai 10h à 12h, 
le 12 juin 16h à 18h. 

pour ces rendez-vous nous aurions besoin d'un vidéoprojecteur. 

cordialement 

le groupe actibac 
";"2019";"Jun";2;"ENSGSI"
"2";2019-05-24 10:00:00;2019-05-24 12:00:00;"gp 2ai actibac";"bonjour, nous aurions aimé réserver une place au lf2l pour nos rendez-vous avec m.bachmann dans le cadre de notre projet. 
nous aurions besoin d'un espace le 

1er mars de 10 à 12h, 
le 22 mars 10h à 12h, 
le 5 avril 10h à 12h, 
le 24h avril à 15h à 17h, 
le 24 mai 10h à 12h, 
le 12 juin 16h à 18h. 

pour ces rendez-vous nous aurions besoin d'un vidéoprojecteur. 

cordialement 

le groupe actibac 
";"2019";"May";2;"ENSGSI"
"3";2019-04-24 15:00:00;2019-04-24 17:00:00;"gp 2ai actibac";"bonjour, nous aurions aimé réserver une place au lf2l pour nos rendez-vous avec m.bachmann dans le cadre de notre projet. 
nous aurions besoin d'un espace le 

1er mars de 10 à 12h, 
le 22 mars 10h à 12h, 
le 5 avril 10h à 12h, 
le 24 avril à 15h à 17h, 
le 24 mai 10h à 12h, 
le 12 juin 16h à 18h. 

pour ces rendez-vous nous aurions besoin d'un vidéoprojecteur. 

cordialement 

le groupe actibac 
";"2019";"Apr";2;"ENSGSI"
"4";2019-04-24 13:30:00;2019-04-24 17:00:00;"visite gp 2ai projet manège";"visite du lf2l par les enfants de l'école élémentaire paul levy dans le cadre du projet du groupe 2ai projet manège. 

visite et séance de créativité des scolaires 
25 enfants, 5 étudiants et 5 accompagnateurs 
";"2019";"Apr";3,5;"ENSGSI"
"5";2019-04-05 13:30:00;2019-04-05 17:00:00;"ci3";"pour obtenir ta confirmation stp : 
réservation du fablab pour curs de ci3 en 1 ai les jours suivants : 
- 15 mars 8h-12h 
- 18 mars 8h-12h 
- 20 mars 8h12h 
- 25 mars 8h 12h 13h30-17h30 
- 27 mars 8h12h 
- 3 avril journée 
- 5 avril journée 
";"2019";"Apr";3,5;"ENSGSI"
"6";2019-04-05 10:00:00;2019-04-05 12:00:00;"gp 2ai actibac";"bonjour, nous aurions aimé réserver une place au lf2l pour nos rendez-vous avec m.bachmann dans le cadre de notre projet. 
nous aurions besoin d'un espace le 

1er mars de 10 à 12h, 
le 22 mars 10h à 12h, 
le 5 avril 10h à 12h, 
le 24 avril à 15h à 17h, 
le 24 mai 10h à 12h, 
le 12 juin 16h à 18h. 

pour ces rendez-vous nous aurions besoin d'un vidéoprojecteur. 

cordialement 

le groupe actibac 
";"2019";"Apr";2;"ENSGSI"
"7";2019-04-05 09:00:00;2019-04-05 12:00:00;"ci3";"pour obtenir ta confirmation stp : 
réservation du fablab pour curs de ci3 en 1 ai les jours suivants : 
- 15 mars 8h-12h 
- 18 mars 8h-12h 
- 20 mars 8h12h 
- 25 mars 8h 12h 13h30-17h30 
- 27 mars 8h12h 
- 3 avril journée 
- 5 avril journée 
";"2019";"Apr";3;"ENSGSI"
"8";2019-04-03 13:30:00;2019-04-03 17:00:00;"ci3";"pour obtenir ta confirmation stp : 
réservation du fablab pour curs de ci3 en 1 ai les jours suivants : 
- 15 mars 8h-12h 
- 18 mars 8h-12h 
- 20 mars 8h12h 
- 25 mars 8h 12h 13h30-17h30 
- 27 mars 8h12h 
- 3 avril journée 
- 5 avril journée 
";"2019";"Apr";3,5;"ENSGSI"
"9";2019-04-03 09:00:00;2019-04-03 12:00:00;"ci3";"pour obtenir ta confirmation stp : 
réservation du fablab pour curs de ci3 en 1 ai les jours suivants : 
- 15 mars 8h-12h 
- 18 mars 8h-12h 
- 20 mars 8h12h 
- 25 mars 8h 12h 13h30-17h30 
- 27 mars 8h12h 
- 3 avril journée 
- 5 avril journée 
";"2019";"Apr";3;"ENSGSI"
"10";2019-03-27 09:00:00;2019-03-27 12:00:00;"ci3";"pour obtenir ta confirmation stp : 
réservation du fablab pour curs de ci3 en 1 ai les jours suivants : 
- 15 mars 8h-12h 
- 18 mars 8h-12h 
- 20 mars 8h12h 
- 25 mars 8h 12h 13h30-17h30 
- 27 mars 8h12h 
- 3 avril journée 
- 5 avril journée 
";"2019";"Mar";3;"ENSGSI"
"11";2019-03-25 13:30:00;2019-03-25 17:00:00;"ci3";"pour obtenir ta confirmation stp : 
réservation du fablab pour curs de ci3 en 1 ai les jours suivants : 
- 15 mars 8h-12h 
- 18 mars 8h-12h 
- 20 mars 8h12h 
- 25 mars 8h 12h 13h30-17h30 
- 27 mars 8h12h 
- 3 avril journée 
- 5 avril journée 
";"2019";"Mar";3,5;"ENSGSI"
"12";2019-03-25 09:00:00;2019-03-25 12:00:00;"ci3";"pour obtenir ta confirmation stp : 
réservation du fablab pour curs de ci3 en 1 ai les jours suivants : 
- 15 mars 8h-12h 
- 18 mars 8h-12h 
- 20 mars 8h12h 
- 25 mars 8h 12h 13h30-17h30 
- 27 mars 8h12h 
- 3 avril journée 
- 5 avril journée 
";"2019";"Mar";3;"ENSGSI"
"13";2019-03-22 10:00:00;2019-03-22 12:00:00;"gp 2ai actibac";"bonjour, nous aurions aimé réserver une place au lf2l pour nos rendez-vous avec m.bachmann dans le cadre de notre projet. 
nous aurions besoin d'un espace le 

1er mars de 10 à 12h, 
le 22 mars 10h à 12h, 
le 5 avril 10h à 12h, 
le 24h avril à 15h à 17h, 
le 24 mai 10h à 12h, 
le 12 juin 16h à 18h. 

pour ces rendez-vous nous aurions besoin d'un vidéoprojecteur. 

cordialement 

le groupe actibac 
";"2019";"Mar";2;"ENSGSI"
"14";2019-03-20 09:00:00;2019-03-20 12:00:00;"ci3";"pour obtenir ta confirmation stp : 
réservation du fablab pour curs de ci3 en 1 ai les jours suivants : 
- 15 mars 8h-12h 
- 18 mars 8h-12h 
- 20 mars 8h12h 
- 25 mars 8h 12h 13h30-17h30 
- 27 mars 8h12h 
- 3 avril journée 
- 5 avril journée 
";"2019";"Mar";3;"ENSGSI"
"15";2019-03-18 09:00:00;2019-03-18 12:00:00;"ci3";"pour obtenir ta confirmation stp : 
réservation du fablab pour curs de ci3 en 1 ai les jours suivants : 
- 15 mars 8h-12h 
- 18 mars 8h-12h 
- 20 mars 8h12h 
- 25 mars 8h 12h 13h30-17h30 
- 27 mars 8h12h 
- 3 avril journée 
- 5 avril journée 
";"2019";"Mar";3;"ENSGSI"
"16";2019-03-15 09:00:00;2019-03-15 12:00:00;"ci3";"réservation du fablab pour curs de ci3 en 1 ai les jours suivants : 
- 15 mars 8h-12h 
- 18 mars 8h-12h 
- 20 mars 8h12h 
- 25 mars 8h 12h 13h30-17h30 
- 27 mars 8h12h 
- 3 avril journée 
- 5 avril journée 
";"2019";"Mar";3;"ENSGSI"
"17";2019-03-01 10:00:00;2019-03-01 12:00:00;"gp 2ai actibac";"bonjour, nous aurions aimé réserver une place au lf2l pour nos rendez-vous avec m.bachmann dans le cadre de notre projet. 
nous aurions besoin d'un espace le 

1er mars de 10 à 12h, 
le 22 mars 10h à 12h, 
le 5 avril 10h à 12h, 
le 24h avril à 15h à 17h, 
le 24 mai 10h à 12h, 
le 12 juin 16h à 18h. 

pour ces rendez-vous nous aurions besoin d'un vidéoprojecteur. 

cordialement 

le groupe actibac 
";"2019";"Mar";2;"ENSGSI"
"18";2019-02-28 13:30:00;2019-02-28 16:00:00;"gp 2ai décathlon";"visite de la plateforme et séance de travail 

travée collaborative 

5 étudiants 
tuteur pédagogique m. monticolo 
tuteur industriel m. valatx 

1 vidéoprojecteur 






bonjour benjamin, 



l’idée est de faire découvrir le lf2l à notre tuteur industriel car c’est un ancien de l’école, il ne connait pas cet espace (la plateforme n’existait pas en 2009). après la présentation, nous pensions pouvoir utiliser la travée living lab pour continuer nos travaux avec lui à l’aide d’un vidéo projecteur. 
nous serions 5 étudiants accompagnés de notre tuteur pédagogique m. monticolo et de notre tuteur industriel m. valatx. 

bonne journée 

cordialement 

lelong nicolas 
l’équipe projet décathlon 







le 18 févr. 2019 à 10:03, benjamin ennesser-serville < [ mailto:benjamin.ennesser-serville@univ-lorraine.fr | benjamin.ennesser-serville@univ-lorraine.fr ] > a écrit : 

bonjour groupe projet décathlon, 

nous avons déjà de présent sur la plateforme au créneau demandé une activité de planifié, 
merci de nous préciser le nombre et la nature de votre présence sur la plateforme. 

nous avons une bouilloire et une cafetière à votre disposition, le reste dépend de vous ... 

si l'usage de la plateforme ne se limite qu'a une présentation, l'école sera parfaite. 

argumentez et nous pourrions trouver un moyen de vous faire coexister avec les activités déjà prévu. 

bien cordialement 

benjamin ennesser-serville 

opérateur polyvalent 

03 72 74 35 59 

[ http://www.lf2l.fr/?page_id=205 | lf2l aux ateliers du bras vert ] ( [ http://lf2l.fr/ | lien ] ) 
[ https://maps.google.com/?q=49+bd+d%27austrasie%c2%a0+54000+nancy&entry=gmail&source=g | 49 bd d'austrasie ] 
[ https://maps.google.com/?q=49+bd+d%27austrasie%c2%a0+54000+nancy&entry=gmail&source=g | 54000 nancy ] 

----- le 13 fév 19 , à 11:15, ensgsi projet décathlon < [ mailto:ensgsi.pi2ai.decathlon.19@gmail.com | ensgsi.pi2ai.decathlon.19@gmail.com ] > a écrit : 


bonjour, 

nous sommes le projet décathlon 2ai. 
pourrions-nous utiliser la plateforme lf2l (côté living lab) pour la venue de notre tuteur industriel le jeudi 28/02 à partir de 13h30 ? nous aurions besoin du vidéo projecteur (cf. charte ci-joint) 
serait-il possible d’avoir à disposition café, thé etc ... ? (ou devons nous faire une demande à la scolarité de l’école pour cette demande ?) 

cordialement 

l’équipe projet décathlon 

";"2019";"Feb";2,5;"ENSGSI"
"19";2019-02-28 09:00:00;2019-02-28 11:30:00;"gp 1ai smartgrip";"bonjour, 

est-il possible de venir au lf2l ce jeudi 28 de 9h à 12h? 

cordialement, 
le groupe projet smartgrid 
";"2019";"Feb";2,5;"ENSGSI"
"20";2019-02-11 13:30:00;2019-02-11 17:00:00;"ci3";"réservation du fablab pour curs de ci3 en 1 ai 

(supplément) 
";"2019";"Feb";3,5;"ENSGSI"
"21";2019-02-06 14:00:00;2019-02-06 17:00:00;"iuvtt - rami";NA;"2019";"Feb";3;"IUVTT"
"22";2019-02-06 09:00:00;2019-02-06 12:00:00;"iuvtt - rami";NA;"2019";"Feb";3;"IUVTT"
"23";2019-02-06 09:00:00;2019-02-06 10:30:00;"expo noremat";"
bonjour, benjamin 


nous voulons consulter la disponibilité de fab lab pour développer une réunion de 15 personnes pour exposition du projet noremat à les chercheurs du labo 
on besoin de salle de réunion, tables, videobean et projecteur. 


le date sera le mer . 06 févr. 2019 09:00 à 10:30 


merci 
mauricio et sandra 

";"2019";"Feb";1,5;"ENSGSI"
"24";2019-01-30 14:00:00;2019-01-30 17:00:00;"iuvtt - rami";NA;"2019";"Jan";3;"IUVTT"
"25";2019-01-30 09:00:00;2019-01-30 12:00:00;"iuvtt - rami";NA;"2019";"Jan";3;"IUVTT"
"26";2019-01-28 10:30:00;2019-01-28 12:30:00;"réunion noremat";"le 28 janvier à 10h30, le professeur mauricio et moi-même aurons une réunion avec christophe bachman de noremat. 

je vous demande de bien vouloir programmer cette réunion de 10h30 à 12h30, nous serons trois personnes et nous aurons besoin d'une table, d'un projecteur et de quelques tableaux blancs. 

merci beaucoup de votre collaboration à cet égard. 

passez une bonne journée. 

sandra b 

postdoctorat-erpi-ul 

";"2019";"Jan";2;"ENSGSI"
"27";2019-01-25 10:00:00;2019-01-25 12:00:00;"2ai actibac";"bonjour, 

pour nos futurs rendez-vous avec monsieur bachmann nous souhaiterions réserver un espace au lf2l le: 
- mercredi 28 novembre de 9h à 11h 
- vendredi 14 décembre de 9h à 11h 
- vendredi 11 janvier de 10h à 12h 
- vendredi 25 janvier de 10h à 12h 

de plus pour le déroulement de ces rendez vous nous aimerions avoir un vidéo projecteur. 

cordialement 

le groupe actibac 
";"2019";"Jan";2;"ENSGSI"
"28";2019-01-25 09:00:00;2019-01-25 17:00:00;"option 3ai recherche";"9 étudiants 3ai gsi";"2019";"Jan";8;"ENSGSI"
"29";2019-01-24 09:00:00;2019-01-24 17:00:00;"option 3ai recherche";"9 étudiants 
3ai gsi";"2019";"Jan";8;"ENSGSI"
"30";2019-01-23 09:00:00;2019-01-23 17:00:00;"option 3ai recherche";"9 étudiants 3ai gsi";"2019";"Jan";8;"ENSGSI"
"31";2019-01-23 09:00:00;2019-01-23 12:00:00;"iuvtt - rami";NA;"2019";"Jan";3;"IUVTT"
"32";2019-01-22 09:00:00;2019-01-22 17:00:00;"option 3ai recherche";"9 étudiants 3ai gsi 
";"2019";"Jan";8;"ENSGSI"
"33";2019-01-22 01:00:00;2019-01-26 01:00:00;"option 3ai recherche, inno, dév";NA;"2019";"Jan";96;"ENSGSI"
"34";2019-01-18 09:00:00;2019-01-18 17:00:00;"ingexys p2 semaine 2";NA;"2019";"Jan";8;"Ingexys P2"
"35";2019-01-17 09:00:00;2019-01-17 17:00:00;"ingexys p2 semaine 2";NA;"2019";"Jan";8;"Ingexys P2"
"36";2019-01-17 09:00:00;2019-01-17 12:00:00;"gp 1ai smart grid";"bonjour, 

est-il possible de venir au lf2l ce jeudi 17 janvier de 9h à 12h? 

cordialement 

le groupe projet 1ai smart grid 
";"2019";"Jan";3;"ENSGSI"
"37";2019-01-16 09:00:00;2019-01-16 17:00:00;"ingexys p2 semaine 2";NA;"2019";"Jan";8;"Ingexys P2"
"38";2019-01-15 09:00:00;2019-01-15 17:00:00;"ingexys p2 semaine 2";NA;"2019";"Jan";8;"Ingexys P2"
"39";2019-01-14 09:00:00;2019-01-14 17:00:00;"ingexys p2 semaine 2";NA;"2019";"Jan";8;"Ingexys P2"
"40";2019-01-11 10:00:00;2019-01-11 12:00:00;"2ai actibac";"pour nos futurs rendez-vous avec monsieur bachmann nous souhaiterions réserver un espace au lf2l le: 
- mercredi 28 novembre de 9h à 11h 
- vendredi 14 décembre de 9h à 11h 
- vendredi 11 janvier de 10h à 12h 
- vendredi 25 janvier de 10h à 12h 

de plus pour le déroulement de ces rendez vous nous aimerions avoir un vidéo projecteur. 
";"2019";"Jan";2;"ENSGSI"
"41";2019-01-10 11:00:00;2019-01-10 12:00:00;"visite industriel gp 1ai envie 2e";"visite de la travée matérialisation du lf2l par le tuteur industriel du groupe projet 2ai envie 2e accompagné par hakim. 
";"2019";"Jan";1;"ENSGSI"
"42";2019-01-10 09:30:00;2019-01-10 11:30:00;"gp 1ai smartgrid";NA;"2019";"Jan";2;"ENSGSI"
"43";2019-01-09 09:00:00;2019-01-09 12:00:00;"iuvtt - rami";NA;"2019";"Jan";3;"IUVTT"
"44";2018-12-19 14:00:00;2018-12-19 17:00:00;"iuvtt - rami";NA;"2018";"Dec";3;"IUVTT"
"45";2018-12-19 09:00:00;2018-12-19 12:00:00;"iuvtt - rami";NA;"2018";"Dec";3;"IUVTT"
"46";2018-12-14 09:00:00;2018-12-14 17:00:00;"ingexys p2";"ou amphithéâtre a2 ensgsi 
";"2018";"Dec";8;"Ingexys P2"
"47";2018-12-14 09:00:00;2018-12-14 11:00:00;"2ai actibac";"pour nos futurs rendez-vous avec monsieur bachmann nous souhaiterions réserver un espace au lf2l le: 
- mercredi 28 novembre de 9h à 11h 
- vendredi 14 décembre de 9h à 11h 
- vendredi 11 janvier de 10h à 12h 
- vendredi 25 janvier de 10h à 12h 

de plus pour le déroulement de ces rendez vous nous aimerions avoir un vidéo projecteur. 
";"2018";"Dec";2;"ENSGSI"
"48";2018-12-13 09:00:00;2018-12-13 17:00:00;"ingexys p2";"ou amphithéâtre a2 ensgsi 
";"2018";"Dec";8;"Ingexys P2"
"49";2018-12-13 09:00:00;2018-12-13 12:00:00;"gp 1ai smart grid";"bonjour, 

est-il possible de venir travailler au lf2l ce jeudi de 9h à 12h? 

cordialement 
le groupe projet 1ai smart grid 
";"2018";"Dec";3;"ENSGSI"
"50";2018-12-12 09:00:00;2018-12-12 17:00:00;"ingexys p2";"ou amphithéâtre a2 ensgsi";"2018";"Dec";8;"Ingexys P2"
"51";2018-12-12 09:00:00;2018-12-12 12:00:00;"2ai conception innovation";"cours en 2 ème année 
conception innnovation 
";"2018";"Dec";3;"ENSGSI"
"52";2018-12-11 09:00:00;2018-12-11 17:00:00;"ingexys p2";"ou amphithéâtre a2 ensgsi";"2018";"Dec";8;"Ingexys P2"
"53";2018-12-11 09:00:00;2018-12-11 17:00:00;"2ai conception innnovation";"2 ème année 
conception innnovation 
";"2018";"Dec";8;"ENSGSI"
"54";2018-12-10 13:30:00;2018-12-10 17:30:00;"2ai conception innnovation";"2 ème année 
conception innnovation 

bonjour pas possible d'utiliser l'espace collaboratif 
=> il y a deja ingexys sur cette travée... les 2ai seront dans la travée matérialisation 
";"2018";"Dec";4;"ENSGSI"
"55";2018-12-10 09:00:00;2018-12-10 17:00:00;"ingexys p2";"ou amphithéâtre a2 ensgsi";"2018";"Dec";8;"Ingexys P2"
"56";2018-12-10 01:00:00;2018-12-15 01:00:00;"ingexys p2";NA;"2018";"Dec";120;"Ingexys P2"
"57";2018-12-06 09:00:00;2018-12-06 12:00:00;"gp 1ai smart grid";"travaillent au lf2l ce jeudi 06/12/18 de 9h à 12h 
";"2018";"Dec";3;"ENSGSI"
"58";2018-11-30 09:00:00;2018-11-30 12:00:00;"iuvtt ingénierie méthodologique";"en raison des 48h de l'ensgsi la séance de coaching d'ingénierie méthodologique prendra place dans la travée collaborative du lf2l. 
";"2018";"Nov";3;"IUVTT"
"59";2018-11-29 09:00:00;2018-11-29 12:00:00;"1ai smartgrid";NA;"2018";"Nov";3;"ENSGSI"
"60";2018-11-28 09:00:00;2018-11-28 11:00:00;"2ai actibac";"pour nos futurs rendez-vous avec monsieur bachmann nous souhaiterions réserver un espace au lf2l le: 
- mercredi 28 novembre de 9h à 11h 
- vendredi 14 décembre de 9h à 11h 
- vendredi 11 janvier de 10h à 12h 
- vendredi 25 janvier de 10h à 12h 

de plus pour le déroulement de ces rendez vous nous aimerions avoir un vidéo projecteur. 
";"2018";"Nov";2;"ENSGSI"
"61";2018-11-21 09:00:00;2018-11-21 12:00:00;"2ai conception innnovation";"cours en 2 ème année 
conception innnovation 
";"2018";"Nov";3;"ENSGSI"
"62";2018-11-20 13:30:00;2018-11-20 17:30:00;"2ai conception innnovation";"cours en 2 ème année 
conception innnovation 
";"2018";"Nov";4;"ENSGSI"
"63";2018-11-15 10:45:00;2018-11-15 12:00:00;"1ai projet zéro déchet";"bonjour, 
nous sommes le projet zéro déchet 1ai de l'ensgsi. nous avons pour but de réduire les déchets sur le site de l'école et du fablab. 
nous cherchons pour le moment à répertorier les types de déchets et leur provenance. 
";"2018";"Nov";1,25;"ENSGSI"
"64";2018-11-15 09:45:00;2018-11-15 11:30:00;"1ai smart grid";NA;"2018";"Nov";1,75;"ENSGSI"
"65";2018-11-09 10:15:00;2018-11-09 12:00:00;"2ai actibac-2019";"bonjour, 
ayant rendez-vous avec nos tuteurs m.bachmann et m.camargo nous souhaiterions réserver l’espace living du lorraine fab living lab pour six personnes pour le 9 novembre 2018 pour 10h15. 

cordialement 

le groupe projet actibac 
";"2018";"Nov";1,75;"ENSGSI"
"66";2018-10-31 09:00:00;2018-10-31 12:00:00;"atelier noremat - gestion innovante des bords de routes";"sandra + mauricio";"2018";"Oct";3;"ENSGSI"
"67";2018-10-31 09:00:00;2018-10-31 12:00:00;"atelier noremat - gestion innovante des bords de routes";"sandra + mauricio
10 personnes living lab
tableau et vidéo projecteur";"2018";"Oct";3;"ENSGSI"
"68";2018-10-29 15:00:00;2018-10-29 17:00:00;"project noremat";"le date est : le vendredi 29 /10/2018 , de 15h à 17h, 

le projet est en cours de développement avec la société noremat, le professeur mauricio camargo, le groupe projet de l'ensgsi , le directeur de la société et moi-même. 

nous besoin de un table et vidéo projecteur svp. 

je vous remercie à l'avance pour votre collaboration, si vous avez des questions, je serai toujours prête à y répondre. 

je vous souhaite une bonne journée. 

sandra bautista 
";"2018";"Oct";2;"ENSGSI"
"69";2018-10-25 13:30:00;2018-10-25 17:00:00;"iuvtt - ue 902 atelier ";NA;"2018";"Oct";3,5;"IUVTT"
"70";2018-10-25 09:00:00;2018-10-25 12:30:00;"iuvtt";NA;"2018";"Oct";3,5;"IUVTT"
"71";2018-10-25 08:30:00;2018-10-25 10:00:00;"rdv projet 1ai internet de l'energy";NA;"2018";"Oct";1,5;"ENSGSI"
"72";2018-10-24 13:30:00;2018-10-24 17:00:00;"iuvtt - ue 902 atelier";NA;"2018";"Oct";3,5;"IUVTT"
"73";2018-10-24 09:00:00;2018-10-24 12:30:00;"iuvtt - ue 902 atelier";NA;"2018";"Oct";3,5;"IUVTT"
"74";2018-10-22 13:30:00;2018-10-22 17:00:00;"iuvtt - ue 902 atelier";NA;"2018";"Oct";3,5;"IUVTT"
"75";2018-10-22 09:00:00;2018-10-22 12:30:00;"iuvtt - ue 902 atelier";NA;"2018";"Oct";3,5;"IUVTT"
"76";2018-10-19 10:00:00;2018-10-19 11:00:00;"project acibac-noremat";"le date est : le vendredi 19 /10/2018 , de 10 h à 11 h, à la réunion nous serons 6 personnes. 

le projet est en cours de développement avec la société noremat, le professeur mauricio camargo, le groupe projet de l'ensgsi de 2ai qui va travailler sur le sujet actibac , le directeur de la société et moi-même. 

nous besoin de un table et vidéo projecteur svp. 

je vous remercie à l'avance pour votre collaboration, si vous avez des questions, je serai toujours prête à y répondre. 

je vous souhaite une bonne journée. 

sandra bautista 
";"2018";"Oct";1;"ENSGSI"
"77";2018-10-05 14:30:00;2018-10-05 17:00:00;"aui restitution collective";"""atelier d'innovation iuvtt, restitution en intelligence collective 
sous la direction de claudine guidat, 4 îlots et vidéoprojection, 30 étudiants"" 
";"2018";"Oct";2,5;"IUVTT"
"78";2018-10-03 10:00:00;2018-10-03 12:00:00;"debriefing aiu équipe pédagogique";"contexte : ""debriefing aiu équipe pédagogique"" 
5 personnes pour une réunion 
";"2018";"Oct";2;"Ingexys P1"
"79";2018-09-19 13:30:00;2018-09-19 15:30:00;"noremat";"petite réunion dans la travée matérialisation entre mauricio et monsieur bachmann. 
";"2018";"Sep";2;"ENSGSI"
"80";2018-08-28 09:00:00;2018-08-28 11:00:00;"société noremat";"réservation espace de travail collaboratif au lf2l: 

    * le mard i 28/08/2018 , de 9 h à 11 h 
    * 4 personnes 

le projet est en cours de développement avec la société noremat, le professeur mauricio camargo, un étudiant du master, le directeur de la société et moi-même 
";"2018";"Aug";2;"ENSGSI"
"81";2018-06-25 09:00:00;2018-06-25 11:00:00;"gp noremat";"je voudrais vous demander votre collaboration pour réserver un espace de travail dans le lf2l. 
le date est : 

    * le lundi 25/06/2018 , de 9 h à 11 h 
    * 4 personnes 

le projet est en cours de développement avec la société noremat, le professeur mauricio camargo, un étudiant du master, le directeur de la société et moi-même 

je vous remercie à l'avance pour votre collaboration, si vous avez des questions, je serai toujours prête à y répondre. 

je vous souhaite une bonne journée. 

sandra bautista 
erpi 
";"2018";"Jun";2;"ENSGSI"
"82";2018-06-07 09:00:00;2018-06-07 12:00:00;"gp festo";"découpe laser pmma 40*9*9 cm x ? 
3 à 5 personnes 
";"2018";"Jun";3;"ENSGSI"
"83";2018-06-01 10:00:00;2018-06-01 12:00:00;"gp noremate";"
";"2018";"Jun";2;"ENSGSI"
"84";2018-05-25 15:15:00;2018-05-25 16:30:00;"visite inrs";"bonjour à tous! 

le programme se précise avec damien laroque, journaliste de 
""travail&securite"" qui viendra nous interviewer pour un numéro spécial 
sur les écoles d'ingénieurs de nancy qui viennent d'être labellisées 
cnes&st. 

12h-14h : déjeuner entre m. laroque, laurent perrin (ensic) et moi 

14h-15h : rencontre entre m. laroque, pascal, pierre et moi en c6. 

15h15- 16h30 : visite du lf2l avec jérôme houssemand et des étudiants de 2ai 

le but de la partie au lf2l est de prendre des photos, de discuter avec 
des élèves et de zoomer sur des aspects sécurité dans ce lieu. 

bonne journée! 

-- 
olivier chery 
directeur des études 
responsable pédagogique de la formation continue 
ensgsi - universite de lorraine 
8, rue bastien lepage - bp 90647 
54010 nancy cedex 
tél : +33(0)3 72 74 35 40 
standard : +33(0)3 72 74 35 00 
";"2018";"May";1,25;"ENSGSI"
"85";2018-05-24 13:30:00;2018-05-24 15:00:00;"gp stand gsi 2ai";"
";"2018";"May";1,5;"ENSGSI"
"86";2018-05-18 13:30:00;2018-05-18 17:30:00;"ci3";"groupe ci3 
";"2018";"May";4;"ENSGSI"
"87";2018-05-18 09:00:00;2018-05-18 11:00:00;"groupe projet noremat";"le projet est en cours de développement avec la société noremat, le professeur mauricio camargo, un groupe de six étudiants, le directeur de la société et moi-même, nous nous rencontrerons aux dates mentionnées ci-dessus. 
";"2018";"May";2;"ENSGSI"
"88";2018-05-17 09:00:00;2018-05-17 12:00:00;"gp holipresse";"passage dans la travée matérialisation gp holipresse 
";"2018";"May";3;"ENSGSI"
"89";2018-05-16 13:30:00;2018-05-16 17:30:00;"ci3";"groupe ci3 
";"2018";"May";4;"ENSGSI"
"90";2018-05-16 09:00:00;2018-05-16 12:00:00;"ci3";"groupe ci3 
";"2018";"May";3;"ENSGSI"
"91";2018-05-14 13:30:00;2018-05-14 17:30:00;"ci3";"groupe ci3 
";"2018";"May";4;"ENSGSI"
"92";2018-05-09 08:30:00;2018-05-09 12:30:00;"mom1 prérevue de projet";NA;"2018";"May";4;"TELECOM"
"93";2018-04-20 09:00:00;2018-04-20 11:00:00;"groupe projet noremat";"le projet est en cours de développement avec la société noremat, le professeur mauricio camargo, un groupe de six étudiants, le directeur de la société et moi-même, nous nous rencontrerons aux dates mentionnées ci-dessus.

nouvelle demande de réunion ci-dessous :

sujet : groupe projet noremat 
organisateur: ressource-ensgsi@ressources-mail.univ-lorraine.fr 
envoyé par: ""benjamin ennesser-serville"" <benjamin.ennesser-serville@univ-lorraine.fr> 

endroit : lf2l livinglab 
heure: vendredi 20 avril 2018, 09:00:00 - 11:00:00 gmt +01:00 bruxelles, copenhague, madrid, paris
 
invités: sandra.bautista-rodriguez@univ-lorraine.fr; mauricio.camargo@univ-lorraine.fr 


*~*~*~*~*~*~*~*~*~*



";"2018";"Apr";2;"ENSGSI"
"94";2018-04-18 13:30:00;2018-04-18 17:00:00;"gp stand gsi 2ai";"groupe projet stand gsi 2ai 
";"2018";"Apr";3,5;"ENSGSI"
"95";2018-03-29 09:00:00;2018-03-29 12:00:00;"groupe projet machine à thé 1ai";"bonjour monsieur, 
nous voudrions réserver un créneau demain matin de 9h à 12h. nous voudrions principalement utiliser les découpeuses laser. de plus, est-ce que c'est possible d'imprimer la pièce pendant la nuit et récupérer le lendemain ? 
veuillez nous excuser du retard de la réservation. nous allons vous prévenir plus tôt la prochaine fois. 
merci d'avance. 
cordialement, 
groupe projet 1ai machine à thé 

";"2018";"Mar";3;"ENSGSI"
"96";2018-03-27 09:00:00;2018-03-27 12:00:00;"ci3";"20 pers 
";"2018";"Mar";3;"ENSGSI"
"97";2018-03-23 14:00:00;2018-03-23 14:30:00;"patrick truchot découpe laser";"utilisation personnel non encadré 
";"2018";"Mar";0,5;"ENSGSI"
"98";2018-03-22 09:00:00;2018-03-22 12:00:00;"groupe machine à thé 1ai";"
";"2018";"Mar";3;"ENSGSI"
"99";2018-03-16 14:00:00;2018-03-16 18:00:00;"mom1";NA;"2018";"Mar";4;"TELECOM"
"100";2018-03-16 09:00:00;2018-03-16 12:00:00;"projet 2ai groupe rte";NA;"2018";"Mar";3;"ENSGSI"
"101";2018-03-09 09:00:00;2018-03-09 12:00:00;"projet 2ai";NA;"2018";"Mar";3;"ENSGSI"
"102";2018-03-09 09:00:00;2018-03-09 12:00:00;"mom2";"configuration 3 groupes de travail de 3 a 4 etudiants.
total 10 etudiants. + noemi koch de la mgn";"2018";"Mar";3;"TELECOM"
"103";2018-03-07 13:30:00;2018-03-07 16:00:00;"groupe holipresse / fabio";NA;"2018";"Mar";2,5;"ENSGSI"
"104";2018-02-21 14:00:00;2018-02-21 16:45:00;"groupe noremat seance travail";"config coin reunion 5-6 personnes avec prof. paulo slavizlacic";"2018";"Feb";2,75;"ENSGSI"
"105";2018-02-21 09:00:00;2018-02-21 12:15:00;"groupe noremat seance travail";"config coin reunion 5-6 personnes avec prof. paulo slavizlacic";"2018";"Feb";3,25;"ENSGSI"
"106";2018-02-14 09:00:00;2018-02-14 18:00:00;"restitution 3ai projet ocl";"10 groupes (80 étudiants)
organsiation de mini-stand sur tout le lf2l";"2018";"Feb";9;"ENSGSI"
"107";2018-02-09 14:00:00;2018-02-09 18:00:00;"mom1";NA;"2018";"Feb";4;"TELECOM"
"108";2018-02-07 14:00:00;2018-02-07 17:00:00;"mom2";NA;"2018";"Feb";3;"TELECOM"
"109";2018-02-02 09:00:00;2018-02-02 17:00:00;"ingexys p2";NA;"2018";"Feb";8;"Ingexys P2"
"110";2018-02-01 09:00:00;2018-02-01 17:00:00;"ingexys p2";NA;"2018";"Feb";8;"Ingexys P2"
"111";2018-01-31 09:00:00;2018-01-31 17:00:00;"ingexys p2";NA;"2018";"Jan";8;"Ingexys P2"
"112";2018-01-30 09:00:00;2018-01-30 17:00:00;"ingexys p2";NA;"2018";"Jan";8;"Ingexys P2"
"113";2018-01-29 09:00:00;2018-01-29 17:00:00;"ingexys p2";NA;"2018";"Jan";8;"Ingexys P2"
"114";2018-01-29 01:00:00;2018-02-03 01:00:00;"ingexys p2 semaine 2";"spé isc et midi";"2018";"Jan";120;"Ingexys P2"
"115";2018-01-23 14:00:00;2018-01-23 17:30:00;"aiu";NA;"2018";"Jan";3,5;"Ingexys P1"
"116";2018-01-23 09:00:00;2018-01-23 12:30:00;"aiu";NA;"2018";"Jan";3,5;"Ingexys P1"
"117";2018-01-22 14:00:00;2018-01-22 17:30:00;"aiu";NA;"2018";"Jan";3,5;"Ingexys P1"
"118";2018-01-22 09:00:00;2018-01-22 12:30:00;"aiu";NA;"2018";"Jan";3,5;"Ingexys P1"
"119";2018-01-22 01:00:00;2018-01-24 01:00:00;"aiu";NA;"2018";"Jan";48;"Ingexys P1"
"120";2018-01-18 14:00:00;2018-01-18 17:30:00;"aiu - world café effectuation - xavier delposen";NA;"2018";"Jan";3,5;"Ingexys P1"
"121";2018-01-18 09:00:00;2018-01-18 12:30:00;"aiu - world café effectuation - xavier delposen";NA;"2018";"Jan";3,5;"Ingexys P1"
"122";2018-01-16 14:00:00;2018-01-16 17:00:00;"aiu - lab paradigmes - atelier thanh nghiem  - xavier delposen";NA;"2018";"Jan";3;"Ingexys P1"
"123";2018-01-16 09:30:00;2018-01-16 12:30:00;"aiu - lab paradigmes - atelier thanh nghiem  - xavier delposen";NA;"2018";"Jan";3;"Ingexys P1"
"124";2018-01-15 14:00:00;2018-01-15 17:30:00;"aiu";NA;"2018";"Jan";3,5;"Ingexys P1"
"125";2018-01-15 09:00:00;2018-01-15 12:30:00;"aiu";NA;"2018";"Jan";3,5;"Ingexys P1"
"126";2018-01-15 01:00:00;2018-01-20 01:00:00;"aiu";NA;"2018";"Jan";120;"Ingexys P1"
"127";2018-01-08 01:00:00;2018-01-13 01:00:00;"aiu";NA;"2018";"Jan";120;"Ingexys P1"
"128";2017-12-22 09:00:00;2017-12-22 12:00:00;"présentation projet pcc (iuvtt)";NA;"2017";"Dec";3;"IUVTT"
"129";2017-12-13 09:00:00;2017-12-13 12:00:00;"atelier pcc - iuvtt - s ramirez";NA;"2017";"Dec";3;"IUVTT"
"130";2017-12-07 10:30:00;2017-12-07 12:00:00;"reunoin patrick truchot / musee du fer / projet 1ai/ visite tutrice industrielle";NA;"2017";"Dec";1,5;"ENSGSI"
"131";2017-12-06 13:30:00;2017-12-06 18:30:00;"atelier pcc - iuvtt - s ramirez";NA;"2017";"Dec";5;"IUVTT"
"132";2017-12-04 01:00:00;2017-12-09 01:00:00;"ingexys p2 semaine 1";"spé isc et midi et spieq";"2017";"Dec";120;"Ingexys P2"
"133";2017-12-01 09:00:00;2017-12-01 17:30:00;"atelier ilot chaleur urbain";"module iuvtt laurent";"2017";"Dec";8,5;"IUVTT"
"134";2017-11-30 10:00:00;2017-11-30 11:00:00;"jury vae iuvtt";NA;"2017";"Nov";1;"IUVTT"
"135";2017-11-30 09:00:00;2017-11-30 12:15:00;"atelier ilot chaleur urbain";"module iuvtt laurent";"2017";"Nov";3,25;"IUVTT"
"136";2017-11-29 09:00:00;2017-11-29 17:30:00;"atelier ilot chaleur urbain";"module iuvtt laurent";"2017";"Nov";8,5;"IUVTT"
"137";2017-11-29 09:00:00;2017-11-29 12:00:00;"patrick t - 2ai";NA;"2017";"Nov";3;"ENSGSI"
"138";2017-11-28 09:00:00;2017-11-28 17:30:00;"atelier ilot chaleur urbain";"module iuvtt laurent";"2017";"Nov";8,5;"IUVTT"
"139";2017-11-28 09:00:00;2017-11-28 17:30:00;"patrick t - 2ai";NA;"2017";"Nov";8,5;"ENSGSI"
"140";2017-11-27 13:00:00;2017-11-27 17:30:00;"patrick t - 2ai";NA;"2017";"Nov";4,5;"ENSGSI"
"141";2017-11-27 09:00:00;2017-11-27 17:30:00;"atelier ilot chaleur urbain";"module iuvtt laurent";"2017";"Nov";8,5;"IUVTT"
"142";2017-11-24 14:00:00;2017-11-24 17:30:00;"projet pcc - iuvtt - claudine";NA;"2017";"Nov";3,5;"IUVTT"
"143";2017-11-24 09:00:00;2017-11-24 12:30:00;"projet pcc - iuvtt claudine";NA;"2017";"Nov";3,5;"IUVTT"
"144";2017-11-21 08:30:00;2017-11-21 12:00:00;"projet pcc - iuvtt - claudine";NA;"2017";"Nov";3,5;"IUVTT"
"145";2017-11-15 13:45:00;2017-11-15 16:45:00;"anca - seb ramiez - iuvtt - projet pcc";NA;"2017";"Nov";3;"IUVTT"
"146";2017-11-15 09:00:00;2017-11-15 12:00:00;"anca - seb ramiez - iuvtt - projet pcc";NA;"2017";"Nov";3;"IUVTT"
"147";2017-11-10 14:00:00;2017-11-10 17:30:00;"projet pcc - iuvtt";NA;"2017";"Nov";3,5;"IUVTT"
"148";2017-11-10 08:30:00;2017-11-10 12:00:00;"projet pcc - iuvtt";NA;"2017";"Nov";3,5;"IUVTT"
"149";2017-11-09 09:00:00;2017-11-09 12:00:00;"reunion holipress + 1ai";NA;"2017";"Nov";3;"ENSGSI"
"150";2017-10-19 09:00:00;2017-10-19 11:00:00;"reunion patrick - 1ai";NA;"2017";"Oct";2;"ENSGSI"
"151";2017-10-06 09:00:00;2017-10-06 12:00:00;"projet 2ai";NA;"2017";"Oct";3;"ENSGSI"
"152";2017-10-05 09:00:00;2017-10-05 12:00:00;"projet 1ai";NA;"2017";"Oct";3;"ENSGSI"
"153";2017-09-29 09:00:00;2017-09-29 12:00:00;"patrick truchot 2ai";NA;"2017";"Sep";3;"ENSGSI"
"154";2017-09-27 14:00:00;2017-09-27 17:30:00;"aiu";NA;"2017";"Sep";3,5;"Ingexys P1"
"155";2017-09-27 09:00:00;2017-09-27 12:30:00;"aiu";NA;"2017";"Sep";3,5;"Ingexys P1"
"156";2017-09-26 14:00:00;2017-09-26 17:30:00;"aiu";NA;"2017";"Sep";3,5;"Ingexys P1"
"157";2017-09-26 09:00:00;2017-09-26 12:30:00;"aiu";NA;"2017";"Sep";3,5;"Ingexys P1"
"158";2017-09-25 13:30:00;2017-09-25 16:30:00;"aiu";NA;"2017";"Sep";3;"Ingexys P1"
"159";2017-09-25 09:00:00;2017-09-25 12:00:00;"aiu";NA;"2017";"Sep";3;"Ingexys P1"
"160";2017-09-22 14:00:00;2017-09-22 17:30:00;"aiu";NA;"2017";"Sep";3,5;"Ingexys P1"
"161";2017-09-22 09:00:00;2017-09-22 12:30:00;"aiu";NA;"2017";"Sep";3,5;"Ingexys P1"
"162";2017-09-22 09:00:00;2017-09-22 12:30:00;"patrick truchot 2ap";NA;"2017";"Sep";3,5;"ENSGSI"
"163";2017-09-20 14:00:00;2017-09-20 17:30:00;"aiu - besozzi t.";NA;"2017";"Sep";3,5;"Ingexys P1"
"164";2017-09-20 09:00:00;2017-09-20 12:30:00;"aiu - besozzi t.";NA;"2017";"Sep";3,5;"Ingexys P1"
"165";2017-09-19 14:00:00;2017-09-19 17:30:00;"aiu";NA;"2017";"Sep";3,5;"Ingexys P1"
"166";2017-09-19 09:00:00;2017-09-19 12:30:00;"aiu";NA;"2017";"Sep";3,5;"Ingexys P1"
"167";2017-09-18 14:00:00;2017-09-18 17:30:00;"aiu";NA;"2017";"Sep";3,5;"Ingexys P1"
"168";2017-09-18 09:00:00;2017-09-18 12:30:00;"aiu";NA;"2017";"Sep";3,5;"Ingexys P1"
"169";2017-09-18 02:00:00;2017-09-23 02:00:00;"aiu";NA;"2017";"Sep";120;"Ingexys P1"
"170";2017-09-15 09:00:00;2017-09-15 12:30:00;"aiu";NA;"2017";"Sep";3,5;"Ingexys P1"
"171";2017-09-13 09:00:00;2017-09-13 12:30:00;"aiu";NA;"2017";"Sep";3,5;"Ingexys P1"
"172";2017-09-13 09:00:00;2017-09-13 12:00:00;"aiu";NA;"2017";"Sep";3;"Ingexys P1"
"173";2017-09-11 14:00:00;2017-09-11 17:30:00;"aiu";NA;"2017";"Sep";3,5;"Ingexys P1"
"174";2017-09-11 09:00:00;2017-09-11 12:30:00;"aiu";NA;"2017";"Sep";3,5;"Ingexys P1"
"175";2017-09-11 02:00:00;2017-09-16 02:00:00;"aiu";NA;"2017";"Sep";120;"Ingexys P1"
"176";2017-09-05 13:00:00;2017-09-05 14:00:00;"visite 1ai gsi";NA;"2017";"Sep";1;"ENSGSI"
"177";2017-06-26 09:30:00;2017-06-26 11:30:00;"réunion préparation ingexys - aiu";NA;"2017";"Jun";2;"Ingexys P1"
"178";2017-05-30 09:00:00;2017-05-30 12:00:00;"visite patrick truchot / m1";NA;"2017";"May";3;"ENSGSI"
"179";2017-05-24 14:00:00;2017-05-24 17:00:00;"actibac";NA;"2017";"May";3;"ENSGSI"
"180";2017-05-18 09:00:00;2017-05-18 12:00:00;"groupe festo -  valise tea";"groupe etudiant utilisation de la valise tea en autonomie
";"2017";"May";3;"ENSGSI"
"181";2017-05-12 08:00:00;2017-05-12 11:00:00;"soutenance iamd mom1";NA;"2017";"May";3;"TELECOM"
"182";2017-05-11 17:00:00;2017-05-11 18:45:00;"actibact";NA;"2017";"May";1,75;"ENSGSI"
"183";2017-05-11 09:00:00;2017-05-11 12:00:00;"restos du coeur (5 pers)";NA;"2017";"May";3;"ENSGSI"
"184";2017-05-11 08:00:00;2017-05-11 12:00:00;"iamd mom1";NA;"2017";"May";4;"TELECOM"
"185";2017-05-09 09:00:00;2017-05-09 11:00:00;"réunion ingexys p2";"8 à 10 personnes";"2017";"May";2;"Ingexys P2"
"186";2017-05-09 09:00:00;2017-05-09 12:00:00;"visite patrick truchot / m1";NA;"2017";"May";3;"ENSGSI"
"187";2017-05-05 08:00:00;2017-05-05 12:00:00;"iamd mom1";NA;"2017";"May";4;"TELECOM"
"188";2017-05-04 09:00:00;2017-05-04 12:00:00;"groupe restos du coeur (5 pers) tuteur : alaa";"besoin de deux ordis. 
ils sont au courant que des étudiants de patrick et alaa sont déjà sur place et savent qu'il faut leur laisser la priorité. 
";"2017";"May";3;"ENSGSI"
"189";2017-05-04 09:00:00;2017-05-04 12:00:00;"visite patrick truchot / m1";NA;"2017";"May";3;"ENSGSI"
"190";2017-04-28 08:30:00;2017-04-28 10:30:00;"groupe actibac - 6 pers - video proj";NA;"2017";"Apr";2;"ENSGSI"
"191";2017-04-27 16:30:00;2017-04-27 17:30:00;"rendu valise tea groupe festo";NA;"2017";"Apr";1;"ENSGSI"
"192";2017-04-27 09:00:00;2017-04-27 12:00:00;"projet truffes";NA;"2017";"Apr";3;"ENSGSI"
"193";2017-04-27 09:00:00;2017-04-27 12:00:00;"projet restos du coeur";NA;"2017";"Apr";3;"ENSGSI"
"194";2017-04-26 17:00:00;2017-04-26 17:30:00;"valise tea groupe festo";NA;"2017";"Apr";0,5;"ENSGSI"
"195";2017-04-20 09:15:00;2017-04-20 12:00:00;"groupe  projet 1ai resto de coeur";NA;"2017";"Apr";2,75;"ENSGSI"
"196";2017-03-31 08:00:00;2017-03-31 12:00:00;"iamd mom1";NA;"2017";"Mar";4;"TELECOM"
"197";2017-03-30 09:00:00;2017-03-30 12:00:00;"groupe restos du coeur";"caroline valentin et son groupe : 4 étudiants 1ai. 
ec tuteur : alaa hassan. 

";"2017";"Mar";3;"ENSGSI"
"198";2017-03-30 09:00:00;2017-03-30 10:45:00;"groupe festo - 6 personnes - valise tea réservée";NA;"2017";"Mar";1,75;"ENSGSI"
"199";2017-03-29 16:00:00;2017-03-29 17:00:00;"réunion groupe projet actibac (mauricio)";"6 personnes 
";"2017";"Mar";1;"ENSGSI"
"200";2017-03-23 10:00:00;2017-03-23 12:00:00;"groupe projet lean festo";"valise tea";"2017";"Mar";2;"ENSGSI"
"201";2017-03-20 09:00:00;2017-03-20 12:00:00;"soutenance iamd mom2";NA;"2017";"Mar";3;"TELECOM"
"202";2017-03-15 09:00:00;2017-03-15 12:00:00;"iamd mom2";NA;"2017";"Mar";3;"TELECOM"
"203";2017-03-09 09:00:00;2017-03-09 10:15:00;"groupe festo 1ai - captiv";"giovanny + cativ";"2017";"Mar";1,25;"ENSGSI"
"204";2017-02-17 14:00:00;2017-02-17 17:00:00;"projet 2ai";NA;"2017";"Feb";3;"ENSGSI"
"205";2017-02-15 08:00:00;2017-02-15 11:00:00;"iamd mom2";NA;"2017";"Feb";3;"TELECOM"
"206";2017-02-14 13:30:00;2017-02-14 16:30:00;"projet 2ai";NA;"2017";"Feb";3;"ENSGSI"
"207";2017-02-13 08:00:00;2017-02-13 11:00:00;"iamd mom2";NA;"2017";"Feb";3;"TELECOM"
"208";2017-02-10 09:00:00;2017-02-10 17:30:00;"ingexys p2";NA;"2017";"Feb";8,5;"Ingexys P2"
"209";2017-02-10 09:00:00;2017-02-10 11:00:00;"réunion actibac + mauricio c.";NA;"2017";"Feb";2;"ENSGSI"
"210";2017-02-09 09:00:00;2017-02-09 17:30:00;"ingexys p2";NA;"2017";"Feb";8,5;"Ingexys P2"
"211";2017-02-08 09:00:00;2017-02-08 12:30:00;"ingexys p2";NA;"2017";"Feb";3,5;"Ingexys P2"
"212";2017-02-07 09:00:00;2017-02-07 17:30:00;"ingexys p2";NA;"2017";"Feb";8,5;"Ingexys P2"
"213";2017-02-06 09:00:00;2017-02-06 17:30:00;"ingexys p2";NA;"2017";"Feb";8,5;"Ingexys P2"
"214";2017-02-06 01:00:00;2017-02-11 01:00:00;"ingexys pétale 2";NA;"2017";"Feb";120;"Ingexys P2"
"215";2017-01-17 14:00:00;2017-01-17 19:00:00;"aiu mode plénier soutenances";NA;"2017";"Jan";5;"Ingexys P1"
"216";2017-01-16 14:00:00;2017-01-16 19:00:00;"aiu mode plénier soutenances";NA;"2017";"Jan";5;"Ingexys P1"
"217";2017-01-16 11:00:00;2017-01-16 12:00:00;"aiu : préparation plénier";NA;"2017";"Jan";1;"Ingexys P1"
"218";2017-01-16 01:00:00;2017-01-18 01:00:00;"aiu";NA;"2017";"Jan";48;"Ingexys P1"
"219";2017-01-13 14:00:00;2017-01-13 17:30:00;"aiu";NA;"2017";"Jan";3,5;"Ingexys P1"
"220";2017-01-13 09:00:00;2017-01-13 12:30:00;"aiu";NA;"2017";"Jan";3,5;"Ingexys P1"
"221";2017-01-12 14:00:00;2017-01-12 17:30:00;"aiu coaching";NA;"2017";"Jan";3,5;"Ingexys P1"
"222";2017-01-12 09:00:00;2017-01-12 12:30:00;"aiu coaching";NA;"2017";"Jan";3,5;"Ingexys P1"
"223";2017-01-11 14:00:00;2017-01-11 17:30:00;"aiu eric dispo";NA;"2017";"Jan";3,5;"Ingexys P1"
"224";2017-01-11 09:00:00;2017-01-11 12:30:00;"aiu";NA;"2017";"Jan";3,5;"Ingexys P1"
"225";2017-01-10 14:00:00;2017-01-10 17:30:00;"aiu";NA;"2017";"Jan";3,5;"Ingexys P1"
"226";2017-01-10 09:00:00;2017-01-10 12:30:00;"aiu";NA;"2017";"Jan";3,5;"Ingexys P1"
"227";2017-01-09 14:00:00;2017-01-09 17:00:00;"aiu ateliers créatifs";NA;"2017";"Jan";3;"Ingexys P1"
"228";2017-01-09 09:00:00;2017-01-09 12:30:00;"aiu ateliers usage";NA;"2017";"Jan";3,5;"Ingexys P1"
"229";2017-01-05 14:00:00;2017-01-05 17:30:00;"aiu coaching";NA;"2017";"Jan";3,5;"Ingexys P1"
"230";2017-01-05 09:00:00;2017-01-05 12:30:00;"aiu coaching";NA;"2017";"Jan";3,5;"Ingexys P1"
"231";2017-01-04 14:00:00;2017-01-04 17:30:00;"aiu mode plénier";NA;"2017";"Jan";3,5;"Ingexys P1"
"232";2017-01-04 09:00:00;2017-01-04 12:30:00;"aiu mode plénier";NA;"2017";"Jan";3,5;"Ingexys P1"
"233";2017-01-03 09:00:00;2017-01-03 12:30:00;"aiu mode plénier";NA;"2017";"Jan";3,5;"Ingexys P1"
"234";2017-01-03 01:00:00;2017-01-07 01:00:00;"aiu";NA;"2017";"Jan";96;"Ingexys P1"
"235";2016-11-28 01:00:00;2016-12-03 01:00:00;"ingexys pétale 2";NA;"2016";"Nov";120;"Ingexys P2"
"236";2016-11-25 14:00:00;2016-11-25 17:00:00;"tp 2ai (patrick ou alaa)";NA;"2016";"Nov";3;"ENSGSI"
"237";2016-11-25 09:00:00;2016-11-25 12:00:00;"tp 2ai (patrick ou alaa)";NA;"2016";"Nov";3;"ENSGSI"
"238";2016-11-25 09:00:00;2016-11-25 17:30:00;"module iuvtt";NA;"2016";"Nov";8,5;"IUVTT"
"239";2016-11-24 09:00:00;2016-11-24 12:00:00;"tp 2ai (patrick ou alaa)";NA;"2016";"Nov";3;"ENSGSI"
"240";2016-11-23 14:00:00;2016-11-23 17:00:00;"tp 2ai (patrick ou alaa)";NA;"2016";"Nov";3;"ENSGSI"
"241";2016-11-23 09:00:00;2016-11-23 12:15:00;"module iuvtt";NA;"2016";"Nov";3,25;"IUVTT"
"242";2016-11-23 09:00:00;2016-11-23 12:00:00;"tp 2ai (patrick ou alaa)";NA;"2016";"Nov";3;"ENSGSI"
"243";2016-11-22 14:00:00;2016-11-22 17:00:00;"tp 2ai (patrick ou alaa)";NA;"2016";"Nov";3;"ENSGSI"
"244";2016-11-22 09:00:00;2016-11-22 17:30:00;"module iuvtt";NA;"2016";"Nov";8,5;"IUVTT"
"245";2016-11-21 09:00:00;2016-11-21 17:30:00;"module iuvtt";NA;"2016";"Nov";8,5;"IUVTT"
"246";2016-11-18 09:00:00;2016-11-18 17:00:00;"module iuvtt";NA;"2016";"Nov";8;"IUVTT"
"247";2016-11-17 09:00:00;2016-11-17 17:00:00;"module iuvtt";NA;"2016";"Nov";8;"IUVTT"
"248";2016-10-14 14:00:00;2016-10-14 17:00:00;"intervention cg (iuvtt + artem)";NA;"2016";"Oct";3;"IUVTT"
"249";2016-09-30 14:00:00;2016-09-30 15:30:00;"aiu : ll en mode forum claudine guidat";NA;"2016";"Sep";1,5;"Ingexys P1"
"250";2016-09-28 09:00:00;2016-09-28 17:30:00;"soutenances aiu : ll en mode forum  claudine guidat";NA;"2016";"Sep";8,5;"Ingexys P1"
"251";2016-09-27 18:15:00;2016-09-27 19:00:00;"installation ll mode forum pour aiu";NA;"2016";"Sep";0,75;"Ingexys P1"
"252";2016-09-26 09:00:00;2016-09-26 17:30:00;"aiu";NA;"2016";"Sep";8,5;"Ingexys P1"
"253";2016-09-26 02:00:00;2016-10-01 02:00:00;"aiu";NA;"2016";"Sep";120;"Ingexys P1"
"254";2016-09-23 09:00:00;2016-09-23 17:30:00;"aiu";NA;"2016";"Sep";8,5;"Ingexys P1"
"255";2016-09-22 09:00:00;2016-09-22 17:30:00;"aiu";NA;"2016";"Sep";8,5;"Ingexys P1"
"256";2016-09-21 09:00:00;2016-09-21 17:30:00;"aiu";NA;"2016";"Sep";8,5;"Ingexys P1"
"257";2016-09-20 09:00:00;2016-09-20 17:30:00;"aiu";NA;"2016";"Sep";8,5;"Ingexys P1"
"258";2016-09-19 09:00:00;2016-09-19 17:30:00;"aiu";NA;"2016";"Sep";8,5;"Ingexys P1"
"259";2016-09-19 02:00:00;2016-09-24 02:00:00;"aiu";NA;"2016";"Sep";120;"Ingexys P1"
"260";2016-09-16 09:00:00;2016-09-16 17:30:00;"aiu";NA;"2016";"Sep";8,5;"Ingexys P1"
"261";2016-09-15 09:00:00;2016-09-15 17:30:00;"aiu";NA;"2016";"Sep";8,5;"Ingexys P1"
"262";2016-09-14 09:00:00;2016-09-14 17:30:00;"aiu";NA;"2016";"Sep";8,5;"Ingexys P1"
"263";2016-09-12 09:00:00;2016-09-12 17:30:00;"aiu";NA;"2016";"Sep";8,5;"Ingexys P1"
"264";2016-09-12 02:00:00;2016-09-17 02:00:00;"aiu";NA;"2016";"Sep";120;"Ingexys P1"
"265";2016-09-09 14:00:00;2016-09-09 17:30:00;"accueil exceptionnel groupe étudiant avec handicap aiu";"inscrit par jl sur calendrier : un espace pour 7 dont un étudiant en fauteuil devant réserver à l'avance son transport";"2016";"Sep";3,5;"Ingexys P1"
"266";2016-09-05 02:00:00;2016-09-10 02:00:00;"aiu";NA;"2016";"Sep";120;"Ingexys P1"
"267";2016-06-28 16:00:00;2016-06-28 18:00:00;"réunion de préparation aiu";"10 personnes
organisation par jonathan";"2016";"Jun";2;"Ingexys P1"
"268";2016-06-08 13:00:00;2016-06-08 15:00:00;"actibac - mauricio";NA;"2016";"Jun";2;"ENSGSI"
"269";2016-05-13 09:00:00;2016-05-13 12:00:00;"soutenance mom1 données villes intelligentes";NA;"2016";"May";3;"TELECOM"
"270";2016-05-02 17:00:00;2016-05-02 18:00:00;"workshop  mom1 donnees des villes intelligentes";"laurent";"2016";"May";1;"TELECOM"
"271";2016-05-02 14:00:00;2016-05-02 17:00:00;"workshop  mom1 donnees des villes intelligentes";"laurent";"2016";"May";3;"TELECOM"
"272";2016-04-29 17:00:00;2016-04-29 18:00:00;"workshop  mom1 donnees des villes intelligentes";"laurent";"2016";"Apr";1;"TELECOM"
"273";2016-04-29 14:00:00;2016-04-29 17:00:00;"workshop  mom1 donnees des villes intelligentes";"laurent";"2016";"Apr";3;"TELECOM"
"274";2016-04-27 09:00:00;2016-04-27 12:00:00;"ci3 1ai";NA;"2016";"Apr";3;"ENSGSI"
"275";2016-04-26 09:00:00;2016-04-26 17:00:00;"ci3 1ai - fablab privatisé";NA;"2016";"Apr";8;"ENSGSI"
"276";2016-04-25 09:00:00;2016-04-25 17:00:00;"ci3 1ai";NA;"2016";"Apr";8;"ENSGSI"
"277";2016-04-20 13:30:00;2016-04-20 15:00:00;"visite apf avec 2ai et amélie?";NA;"2016";"Apr";1,5;"ENSGSI"
"278";2016-04-18 09:00:00;2016-04-18 12:00:00;"ci3 1ai";NA;"2016";"Apr";3;"ENSGSI"
"279";2016-04-01 17:00:00;2016-04-01 18:00:00;"workshop  mom1 donnees des villes intelligentes";"laurent";"2016";"Apr";1;"TELECOM"
"280";2016-04-01 14:00:00;2016-04-01 17:00:00;"workshop  mom1 donnees des villes intelligentes";"laurent";"2016";"Apr";3;"TELECOM"
"281";2016-03-25 08:30:00;2016-03-25 12:45:00;"m tani rallye 2ai";"living lab  
             
présence ente 12h et 14h                                                  
nécessité d'une ouverture des portes avant 9h00   
nombre de personnes accueillies : 35
ilôts + grand groupe
35 chaises et tables 

vidéoprojecteur  
ordinateur pour projection 
tableaux blanc  
paperboard, feutres

retrait des clefs de prêt et du badge alarme auprès de noémie 
";"2016";"Mar";4,25;"ENSGSI"
"282";2016-03-24 08:30:00;2016-03-24 12:30:00;"martine tani rallye 2ai";"16 étudiants en groupes 
1 table tactile 
1 videoproj";"2016";"Mar";4;"ENSGSI"
"283";2016-03-22 14:00:00;2016-03-22 18:00:00;"martine tani rallye 2ai";"16 étudiants en groupes 
1 table tactile 
1 videoproj";"2016";"Mar";4;"ENSGSI"
"284";2016-03-22 08:30:00;2016-03-22 12:30:00;"martine tani rallye 2ai";"16 étudiants en groupes 
1 table tactile 
1 videoproj";"2016";"Mar";4;"ENSGSI"
"285";2016-03-18 16:00:00;2016-03-18 18:00:00;"workshop mom1 donnees des villes intelligentes (autonome)";"laurent";"2016";"Mar";2;"TELECOM"
"286";2016-03-18 14:00:00;2016-03-18 16:00:00;"workshop  mom1 donnees des villes intelligentes";"laurent";"2016";"Mar";2;"TELECOM"
"287";2016-03-16 09:00:00;2016-03-16 12:00:00;"soutenance mom2 donnees des villes intelligentes";"laurent";"2016";"Mar";3;"TELECOM"
"288";2016-03-14 17:00:00;2016-03-14 18:00:00;"workshop mom1 donnees des villes intelligentes (autonome)";"laurent";"2016";"Mar";1;"TELECOM"
"289";2016-03-14 14:00:00;2016-03-14 17:00:00;"workshop  mom1 donnees des villes intelligentes";"laurent";"2016";"Mar";3;"TELECOM"
"290";2016-02-26 09:00:00;2016-02-26 12:00:00;"workshop mom2 donnees des villes intelligentes";"laurent";"2016";"Feb";3;"TELECOM"
"291";2016-02-11 14:00:00;2016-02-11 17:00:00;"workshop mom2 donnees des villes intelligentes";"laurent";"2016";"Feb";3;"TELECOM"
"292";2016-02-10 13:30:00;2016-02-10 17:30:00;"sceance creat belovia";"voir giovanni";"2016";"Feb";4;"ENSGSI"
"293";2016-02-05 09:00:00;2016-02-05 12:00:00;"workshop mom2 donnees des villes intelligentes";"laurent";"2016";"Feb";3;"TELECOM"
"294";2016-01-29 09:00:00;2016-01-29 12:00:00;"workshop mom2 donnees des villes intelligentes";"laurent";"2016";"Jan";3;"TELECOM"
"295";2016-01-25 14:00:00;2016-01-25 17:00:00;"workshop mom2 donnees des villes intelligentes";"laurent";"2016";"Jan";3;"TELECOM"
"296";2016-01-21 14:00:00;2016-01-21 17:00:00;"workshop mom2 donnees des villes intelligentes";"laurent";"2016";"Jan";3;"TELECOM"
"297";2016-01-19 09:00:00;2016-01-19 12:15:00;"visite ecole mine 1ai animé par v boly";"a priori 2 groupes de 15 ??

bonjour

afin de rendre la visite des étudiants plus 'fun"" je vais vérifier si le lorraine fab living lab est disponible à cette date et je reviens vers vous.
en attendant je réserve ma matinée du 19 janvier
cordialement
v boly

le 02/12/2015 09:40, judith sausse a écrit :
bonjour vincent,
je me permets de vous contacter pour vous demander si nous pouvons ""récidiver"" une visite de votre laboratoire le 19 janvier prochain.
j'organise des visites des laboratoires pour mes élèves de 1a sur la journée avec une visite le matin et une l'après-midi.
seriez-vous disponible, ou un de vos collaborateurs le mardi 19 janvier prochain pour proposer deux visites?
l'objectif serait une présentation des objectifs du laboratoire mais le thème ou le sujet de la visite reste à votre convenance.
les horaires de démarrage, points de rendez-vous, et nombre d'élèves accueillis sont également à votre choix.
je vous remercie d'avance de votre réponse et je vous souhaite une bonne journée.
bien à vous,
judith sausse

 
pièce jointe.jpeg	
    judith sausse
    professeur - directrice de la formation ingénieur civil des mines
    professor - head of the graduate program ""ingénieur civil des mines""
    département géoingénierie - georessources lab.
    
  tel: +33 (0)3 55 66 26 43
                                               gsm: +33 (0)6 80 58 18 28
campus artem, 92 rue du sergent blandan, 54 042 nancy cedex - france""";"2016";"Jan";3,25;"ENSGSI"
"298";2016-01-15 08:00:00;2016-01-15 18:00:00;"aiu - soutenances ?";NA;"2016";"Jan";10;"Ingexys P1"
"299";2016-01-14 14:00:00;2016-01-14 17:30:00;"aiu";NA;"2016";"Jan";3,5;"Ingexys P1"
"300";2016-01-14 09:00:00;2016-01-14 12:30:00;"aiu";NA;"2016";"Jan";3,5;"Ingexys P1"
"301";2016-01-13 14:00:00;2016-01-13 17:30:00;"aiu";NA;"2016";"Jan";3,5;"Ingexys P1"
"302";2016-01-13 09:00:00;2016-01-13 12:30:00;"aiu";NA;"2016";"Jan";3,5;"Ingexys P1"
"303";2016-01-12 14:00:00;2016-01-12 17:30:00;"aiu";NA;"2016";"Jan";3,5;"Ingexys P1"
"304";2016-01-12 09:00:00;2016-01-12 12:30:00;"aiu";NA;"2016";"Jan";3,5;"Ingexys P1"
"305";2016-01-11 14:00:00;2016-01-11 17:30:00;"aiu";NA;"2016";"Jan";3,5;"Ingexys P1"
"306";2016-01-11 09:00:00;2016-01-11 12:30:00;"aiu";NA;"2016";"Jan";3,5;"Ingexys P1"
"307";2016-01-11 01:00:00;2016-01-16 01:00:00;"aiu phase 2 semaine 2";NA;"2016";"Jan";120;"Ingexys P1"
"308";2016-01-08 14:00:00;2016-01-08 17:30:00;"aiu";NA;"2016";"Jan";3,5;"Ingexys P1"
"309";2016-01-08 09:00:00;2016-01-08 12:30:00;"aiu";NA;"2016";"Jan";3,5;"Ingexys P1"
"310";2016-01-07 14:00:00;2016-01-07 17:30:00;"aiu";NA;"2016";"Jan";3,5;"Ingexys P1"
"311";2016-01-07 09:00:00;2016-01-07 12:30:00;"aiu";NA;"2016";"Jan";3,5;"Ingexys P1"
"312";2016-01-06 14:00:00;2016-01-06 17:30:00;"aiu - prospective ld";NA;"2016";"Jan";3,5;"Ingexys P1"
"313";2016-01-06 09:00:00;2016-01-06 12:30:00;"aiu - prospective ld";NA;"2016";"Jan";3,5;"Ingexys P1"
"314";2016-01-05 14:00:00;2016-01-05 17:30:00;"aiu";NA;"2016";"Jan";3,5;"Ingexys P1"
"315";2016-01-05 09:00:00;2016-01-05 12:30:00;"aiu";NA;"2016";"Jan";3,5;"Ingexys P1"
"316";2016-01-04 01:00:00;2016-01-09 01:00:00;"aiu phase 2 semaine 1";NA;"2016";"Jan";120;"Ingexys P1"
"317";2015-12-10 13:30:00;2015-12-10 17:30:00;"séance de créativité- projet belovia 2° année";"10 étudiants 
besoin de 4h 
";"2015";"Dec";4;"ENSGSI"
"318";2015-12-04 09:00:00;2015-12-04 17:00:00;"ingexys p2";NA;"2015";"Dec";8;"Ingexys P2"
"319";2015-12-04 07:15:00;2015-12-04 15:15:00;"ingexys p2";NA;"2015";"Dec";8;"Ingexys P2"
"320";2015-12-02 09:00:00;2015-12-02 17:00:00;"ingexys p2";NA;"2015";"Dec";8;"Ingexys P2"
"321";2015-12-01 09:00:00;2015-12-01 17:00:00;"ingexys p2";NA;"2015";"Dec";8;"Ingexys P2"
"322";2015-11-30 16:30:00;2015-11-30 17:30:00;"iuvtt";NA;"2015";"Nov";1;"IUVTT"
"323";2015-11-30 09:00:00;2015-11-30 17:00:00;"ingexys p2";NA;"2015";"Nov";8;"Ingexys P2"
"324";2015-11-26 09:00:00;2015-11-26 12:15:00;"iuvtt autonomie";NA;"2015";"Nov";3,25;"IUVTT"
"325";2015-11-26 01:00:00;2015-11-27 01:00:00;"note de synthèse iuvtt";NA;"2015";"Nov";24;"IUVTT"
"326";2015-11-20 09:00:00;2015-11-20 17:00:00;"ingexys p2";NA;"2015";"Nov";8;"Ingexys P2"
"327";2015-11-19 09:00:00;2015-11-19 17:00:00;"ingexys p2";NA;"2015";"Nov";8;"Ingexys P2"
"328";2015-11-18 09:00:00;2015-11-18 17:00:00;"ingexys p2";"groupes + parcours vieillissement";"2015";"Nov";8;"Ingexys P2"
"329";2015-11-17 14:00:00;2015-11-17 17:30:00;"ingexys p2";"ou amphithéâtre a2 ensgsi";"2015";"Nov";3,5;"Ingexys P2"
"330";2015-11-16 01:00:00;2015-11-21 01:00:00;"ai ingexys p2";NA;"2015";"Nov";120;"Ingexys P2"
"331";2015-10-22 08:00:00;2015-10-22 10:00:00;"cours ci6 2ai";"voir avec patrick, cours commun avec alaa";"2015";"Oct";2;"ENSGSI"
"332";2015-10-16 09:00:00;2015-10-16 11:00:00;"accompagnement pédago iuvtt-claudine guidat";NA;"2015";"Oct";2;"IUVTT"
"333";2015-10-02 08:00:00;2015-10-02 18:00:00;"aiu soutenances";NA;"2015";"Oct";10;"Ingexys P1"
"334";2015-10-01 14:00:00;2015-10-01 17:30:00;"aiu";NA;"2015";"Oct";3,5;"Ingexys P1"
"335";2015-10-01 09:00:00;2015-10-01 12:30:00;"aiu";NA;"2015";"Oct";3,5;"Ingexys P1"
"336";2015-09-30 14:00:00;2015-09-30 17:30:00;"aiu";NA;"2015";"Sep";3,5;"Ingexys P1"
"337";2015-09-30 09:00:00;2015-09-30 12:30:00;"aiu";NA;"2015";"Sep";3,5;"Ingexys P1"
"338";2015-09-29 14:00:00;2015-09-29 17:30:00;"aiu";NA;"2015";"Sep";3,5;"Ingexys P1"
"339";2015-09-29 09:00:00;2015-09-29 12:30:00;"aiu";NA;"2015";"Sep";3,5;"Ingexys P1"
"340";2015-09-28 14:00:00;2015-09-28 17:30:00;"aiu isabelle houot";NA;"2015";"Sep";3,5;"Ingexys P1"
"341";2015-09-28 09:00:00;2015-09-28 12:30:00;"aiu isabelle houot";NA;"2015";"Sep";3,5;"Ingexys P1"
"342";2015-09-25 14:00:00;2015-09-25 17:30:00;"aiu revue de projet";NA;"2015";"Sep";3,5;"Ingexys P1"
"343";2015-09-25 09:00:00;2015-09-25 12:30:00;"aiu revue de projet";NA;"2015";"Sep";3,5;"Ingexys P1"
"344";2015-09-24 14:00:00;2015-09-24 17:30:00;"aiu - julien asa";NA;"2015";"Sep";3,5;"Ingexys P1"
"345";2015-09-24 09:00:00;2015-09-24 12:30:00;"aiu - julien asa";NA;"2015";"Sep";3,5;"Ingexys P1"
"346";2015-09-23 14:30:00;2015-09-23 16:00:00;"aiu";NA;"2015";"Sep";1,5;"Ingexys P1"
"347";2015-09-23 09:00:00;2015-09-23 12:00:00;"aiu";NA;"2015";"Sep";3;"Ingexys P1"
"348";2015-09-22 14:00:00;2015-09-22 17:30:00;"aiu sociologie de l'action jld";NA;"2015";"Sep";3,5;"Ingexys P1"
"349";2015-09-22 09:00:00;2015-09-22 12:30:00;"aiu sociologie de l'action jld";NA;"2015";"Sep";3,5;"Ingexys P1"
"350";2015-09-21 14:00:00;2015-09-21 17:30:00;"aiu revue de projet";NA;"2015";"Sep";3,5;"Ingexys P1"
"351";2015-09-21 09:00:00;2015-09-21 12:30:00;"aiu revue de projet";NA;"2015";"Sep";3,5;"Ingexys P1"
"352";2015-09-18 14:00:00;2015-09-18 17:30:00;"aiu isabelle houot";NA;"2015";"Sep";3,5;"Ingexys P1"
"353";2015-09-18 09:00:00;2015-09-18 12:30:00;"aiu isabelle houot";NA;"2015";"Sep";3,5;"Ingexys P1"
"354";2015-09-17 14:00:00;2015-09-17 17:30:00;"aiu laure mauricio julien";NA;"2015";"Sep";3,5;"Ingexys P1"
"355";2015-09-17 09:00:00;2015-09-17 12:30:00;"aiu laure mauricio julien";NA;"2015";"Sep";3,5;"Ingexys P1"
"356";2015-09-16 14:00:00;2015-09-16 17:30:00;"aiu";NA;"2015";"Sep";3,5;"Ingexys P1"
"357";2015-09-16 09:00:00;2015-09-16 12:30:00;"aiu";NA;"2015";"Sep";3,5;"Ingexys P1"
"358";2015-09-14 13:30:00;2015-09-14 17:00:00;"aiu";NA;"2015";"Sep";3,5;"Ingexys P1"
"359";2015-09-14 09:00:00;2015-09-14 12:30:00;"aiu";NA;"2015";"Sep";3,5;"Ingexys P1"
"360";2015-09-10 16:00:00;2015-09-10 17:30:00;"aiu - approche usage julien aline";NA;"2015";"Sep";1,5;"Ingexys P1"
"361";2015-09-10 09:00:00;2015-09-10 10:30:00;"aiu - approche usage julien aline";NA;"2015";"Sep";1,5;"Ingexys P1"
"362";2015-09-09 13:30:00;2015-09-09 15:00:00;"aiu";NA;"2015";"Sep";1,5;"Ingexys P1"
"363";2015-09-09 11:00:00;2015-09-09 12:30:00;"aiu - intervention laurent collaboratif";NA;"2015";"Sep";1,5;"Ingexys P1"
"364";2015-09-04 15:30:00;2015-09-04 17:00:00;"réunion aiu";NA;"2015";"Sep";1,5;"Ingexys P1"
"365";2015-07-09 09:00:00;2015-07-09 11:00:00;"réunion iuvtt";NA;"2015";"Jul";2;"IUVTT"
"366";2015-07-07 10:00:00;2015-07-07 12:30:00;"réunion préparation aiu";"7 personnes, organisation assurée par jonathan";"2015";"Jul";2,5;"Ingexys P1"
"367";2015-07-06 15:00:00;2015-07-06 16:30:00;"aiu isabelle houot claudine guidat";"organisation pat jl";"2015";"Jul";1,5;"Ingexys P1"
"368";2015-07-02 15:30:00;2015-07-02 17:00:00;"iuvtt - archi";"réunion claudine, laurent, jonathan + enseignants archi pour iuvtt
anne et davina ont confirmé leur présence

jonathan et laurent présents pour préparation et conduite de réunion";"2015";"Jul";1,5;"IUVTT"
"369";2015-06-16 13:30:00;2015-06-16 14:30:00;"gsi 2ai";"elise: 0635187678";"2015";"Jun";1;"ENSGSI"
"370";2015-06-15 16:30:00;2015-06-15 18:00:00;"1ai découpe laser";"1ai découpe laser
laura: 0698808334";"2015";"Jun";1,5;"ENSGSI"
"371";2015-06-15 09:00:00;2015-06-15 10:00:00;"gsi 2ai";"pour impression 3d
elise: 0635187678

1ai découpe laser
laura: 0698808334";"2015";"Jun";1;"ENSGSI"
"372";2015-06-12 14:00:00;2015-06-12 15:30:00;"iuvtt julien - camille fleurent";NA;"2015";"Jun";1,5;"IUVTT"
"373";2015-06-12 10:30:00;2015-06-12 12:00:00;"2ai belovia";"pour impression 3d
elise: 0635187678";"2015";"Jun";1,5;"ENSGSI"
"374";2015-06-11 13:30:00;2015-06-11 17:30:00;"gsi 1ai cao + 2ai impression";NA;"2015";"Jun";4;"ENSGSI"
"375";2015-06-10 09:00:00;2015-06-10 12:00:00;"gsi 1ai cao";NA;"2015";"Jun";3;"ENSGSI"
"376";2015-06-04 14:00:00;2015-06-04 16:00:00;"réunion de préparation aiu";NA;"2015";"Jun";2;"Ingexys P1"
"377";2015-06-04 13:30:00;2015-06-04 17:30:00;"patrick truchot cao";"qui s'en occupe ???
cédric et laurent sont à s&y";"2015";"Jun";4;"ENSGSI"
"378";2015-06-03 09:00:00;2015-06-03 12:00:00;"patrick truchot cao";"qui s'en occupe ???
cédric et laurent sont à s&y";"2015";"Jun";3;"ENSGSI"
"379";2015-06-01 09:00:00;2015-06-01 12:00:00;"patrick truchot cao";"qui s'en occupe ???
cédric et laurent sont à s&y";"2015";"Jun";3;"ENSGSI"
"380";2015-05-21 14:15:00;2015-05-21 17:30:00;"gsi belovia";"groupe projet gsi 2ai pour patrick
contact: charlotte: 0683574562";"2015";"May";3,25;"ENSGSI"
"381";2015-05-21 13:45:00;2015-05-21 17:30:00;"groupe ecole du futur";"proto pour mike rees sur l'ecole du futur, contact: manuel zurita 0619221178";"2015";"May";3,75;"ENSGSI"
"382";2015-05-21 13:45:00;2015-05-21 17:30:00;"groupe ecole du futur";"proto pour mike rees sur l'ecole du futur, contact: manuel zurita 0619221178";"2015";"May";3,75;"ENSGSI"
"383";2015-05-13 09:00:00;2015-05-13 12:00:00;"soutenances big data 2a";NA;"2015";"May";3;"TELECOM"
"384";2015-05-11 09:00:00;2015-05-11 10:00:00;"groupe 2ai pour prototypage";"un étudiant ensgsi 2ai est passé mercredi 06/05 à 16h.

souhaite prototyper : je lui ai demandé d'amener lundi un planning de leur dispo pour coller avec les nôtres et leur permettre de travailler au mieux.";"2015";"May";1;"ENSGSI"
"385";2015-05-07 08:00:00;2015-05-07 12:00:00;"big data 2a telecom";NA;"2015";"May";4;"TELECOM"
"386";2015-05-04 14:00:00;2015-05-04 18:00:00;"big data 2a";NA;"2015";"May";4;"TELECOM"
"387";2015-04-28 14:00:00;2015-04-28 18:00:00;"big data 2a";NA;"2015";"Apr";4;"TELECOM"
"388";2015-04-10 14:00:00;2015-04-10 18:00:00;"big data 2a";NA;"2015";"Apr";4;"TELECOM"
"389";2015-04-03 13:30:00;2015-04-03 17:15:00;"programmation ci3 & fablab";NA;"2015";"Apr";3,75;"ENSGSI"
"390";2015-04-01 09:00:00;2015-04-01 17:00:00;"programmation ci3 & fablab";NA;"2015";"Apr";8;"ENSGSI"
"391";2015-03-31 13:30:00;2015-03-31 18:15:00;"martine tani 2ai atelier responsabilité";"atelier animée par martine tani (réservation le 24/02/2015)
20aines d'étudiants
préparer tableaux et marqueurs";"2015";"Mar";4,75;"ENSGSI"
"392";2015-03-31 09:00:00;2015-03-31 12:30:00;"programmation ci3 & fablab";NA;"2015";"Mar";3,5;"ENSGSI"
"393";2015-03-30 13:30:00;2015-03-30 19:00:00;"martine tani 2ai atelier responsabilité";"atelier animée par martine tani (réservation le 24/02/2015)
20aines d'étudiants
préparer tableaux et marqueurs";"2015";"Mar";5,5;"ENSGSI"
"394";2015-03-27 13:30:00;2015-03-27 18:00:00;"big data 2a";"travée collaboratif";"2015";"Mar";4,5;"TELECOM"
"395";2015-03-27 13:30:00;2015-03-27 17:45:00;"programmation ci3 & fablab";NA;"2015";"Mar";4,25;"ENSGSI"
"396";2015-03-26 13:30:00;2015-03-26 17:45:00;"programmation ci3 & fablab";NA;"2015";"Mar";4,25;"ENSGSI"
"397";2015-03-26 10:00:00;2015-03-26 17:00:00;"projet scanner - étudiants de patrick truchot";NA;"2015";"Mar";7;"ENSGSI"
"398";2015-03-24 10:30:00;2015-03-24 12:00:00;"programmation ci3 & fablab";NA;"2015";"Mar";1,5;"ENSGSI"
"399";2015-03-23 13:30:00;2015-03-23 16:00:00;"programmation ci3 & fablab";NA;"2015";"Mar";2,5;"ENSGSI"
"400";2015-03-17 14:00:00;2015-03-17 17:30:00;"soutenance big data 3ai telecom";NA;"2015";"Mar";3,5;"TELECOM"
"401";2015-03-11 11:00:00;2015-03-11 12:00:00;"preparation automates 1ai";NA;"2015";"Mar";1;"ENSGSI"
"402";2015-03-09 15:00:00;2015-03-09 17:00:00;"big data 3a";NA;"2015";"Mar";2;"TELECOM"
"403";2015-03-09 11:00:00;2015-03-09 12:00:00;"vae - anne mathieu - caudine guidat - candidat iuvtt";NA;"2015";"Mar";1;"IUVTT"
"404";2015-03-04 10:00:00;2015-03-04 11:00:00;"point stages iuvtt - claudine - davina - jonathan";NA;"2015";"Mar";1;"IUVTT"
"405";2015-02-12 14:00:00;2015-02-12 17:00:00;"big data 3ai";NA;"2015";"Feb";3;"TELECOM"
